EMP_ID,Location,Swipe_In,Swipe_Out,day
8626487,MUM,04-10-2022 15:23,05-10-2022 01:23,Tue
8631177,MUM,08-06-2023 21:17,09-06-2023 07:17,Thu
8678631,MGP,23-12-2022 10:18,23-12-2022 19:18,Fri
8574819,BB,03-08-2022 18:26,04-08-2022 05:26,Wed
8587539,MGP,12-01-2023 12:57,12-01-2023 18:57,Thu
8670411,MGP,28-06-2023 06:16,28-06-2023 18:16,Wed
8557729,MGP,26-02-2023 14:04,27-02-2023 02:04,Sun
8649691,MUM,13-09-2022 23:39,14-09-2022 11:39,Tue
8468196,BB,02-04-2023 20:01,03-04-2023 02:01,Sun
8582207,MUM,23-04-2023 23:56,24-04-2023 11:56,Sun
8702869,MGP,28-03-2023 02:38,28-03-2023 14:38,Tue
8595725,MUM,12-03-2023 17:51,13-03-2023 01:51,Sun
8641298,BB,20-06-2023 06:28,20-06-2023 12:28,Tue
8532592,BB,13-12-2022 07:45,13-12-2022 15:45,Tue
8721282,BB,02-06-2023 22:36,03-06-2023 09:36,Fri
8639948,MGP,12-10-2022 14:32,12-10-2022 22:32,Wed
8660044,BB,10-03-2023 13:31,10-03-2023 22:31,Fri
8488754,MGP,16-05-2023 11:42,16-05-2023 17:42,Tue
8494403,MGP,09-04-2023 04:57,09-04-2023 11:57,Sun
8621067,MGP,12-07-2022 12:39,13-07-2022 00:39,Tue
8502238,MUM,28-02-2023 19:28,01-03-2023 02:28,Tue
8458244,MUM,07-02-2023 04:29,07-02-2023 15:29,Tue
8716906,MGP,13-10-2022 02:19,13-10-2022 09:19,Thu
8464964,MUM,30-05-2023 06:07,30-05-2023 16:07,Tue
8667027,MUM,17-10-2022 18:53,18-10-2022 01:53,Mon
8684752,MUM,31-05-2023 15:54,01-06-2023 00:54,Wed
8512334,MGP,11-01-2023 11:50,11-01-2023 19:50,Wed
8654022,MGP,24-01-2023 03:09,24-01-2023 10:09,Tue
8545468,BB,24-05-2023 06:14,24-05-2023 18:14,Wed
8469833,MUM,29-06-2023 21:21,30-06-2023 09:21,Thu
8603800,BB,08-05-2023 09:43,08-05-2023 17:43,Mon
8500576,MGP,14-03-2023 08:17,14-03-2023 16:17,Tue
8640343,MGP,05-03-2023 05:58,05-03-2023 13:58,Sun
8615492,MUM,31-08-2022 03:27,31-08-2022 12:27,Wed
8547379,BB,14-02-2023 12:36,14-02-2023 19:36,Tue
8597468,MUM,19-12-2022 04:02,19-12-2022 16:02,Mon
8478977,BB,20-04-2023 04:58,20-04-2023 10:58,Thu
8667870,MUM,12-01-2023 03:01,12-01-2023 13:01,Thu
8616536,BB,26-05-2023 12:23,26-05-2023 18:23,Fri
8661408,BB,04-04-2023 21:51,05-04-2023 04:51,Tue
8558727,BB,22-11-2022 12:06,22-11-2022 19:06,Tue
8520933,BB,08-09-2022 04:08,08-09-2022 10:08,Thu
8667115,BB,06-02-2023 10:57,06-02-2023 16:57,Mon
8707869,MUM,12-08-2022 02:49,12-08-2022 14:49,Fri
8668648,MGP,13-12-2022 07:45,13-12-2022 15:45,Tue
8490244,MGP,27-07-2022 20:37,28-07-2022 07:37,Wed
8554137,BB,29-07-2022 05:49,29-07-2022 14:49,Fri
8567240,MGP,20-12-2022 02:50,20-12-2022 11:50,Tue
8692346,MUM,26-10-2022 00:27,26-10-2022 11:27,Wed
8588294,BB,31-05-2023 11:33,31-05-2023 19:33,Wed
8686139,MGP,12-10-2022 07:13,12-10-2022 14:13,Wed
8472823,MGP,09-04-2023 14:18,09-04-2023 21:18,Sun
8501978,MUM,24-05-2023 19:58,25-05-2023 01:58,Wed
8653060,MUM,19-06-2023 11:57,19-06-2023 17:57,Mon
8449326,MGP,05-05-2023 19:07,06-05-2023 05:07,Fri
8599088,BB,02-09-2022 11:15,02-09-2022 20:15,Fri
8634791,MUM,06-09-2022 11:51,06-09-2022 17:51,Tue
8497287,MGP,13-09-2022 23:39,14-09-2022 11:39,Tue
8690989,MGP,20-09-2022 18:49,21-09-2022 03:49,Tue
8550662,MGP,28-03-2023 12:55,29-03-2023 00:55,Tue
8581061,MGP,29-01-2023 07:48,29-01-2023 18:48,Sun
8507937,BB,20-11-2022 09:03,20-11-2022 21:03,Sun
8673313,MUM,02-08-2022 18:16,03-08-2022 01:16,Tue
8476295,MUM,27-06-2023 13:41,28-06-2023 00:41,Tue
8453069,MGP,13-12-2022 17:59,13-12-2022 23:59,Tue
8710977,BB,07-02-2023 06:56,07-02-2023 14:56,Tue
8689609,MGP,06-06-2023 03:47,06-06-2023 14:47,Tue
8720091,MUM,14-11-2022 06:58,14-11-2022 13:58,Mon
8592888,BB,15-06-2023 16:11,16-06-2023 02:11,Thu
8711490,MGP,23-12-2022 13:40,23-12-2022 22:40,Fri
8489369,MUM,26-12-2022 20:52,27-12-2022 08:52,Mon
8533085,MUM,11-04-2023 11:54,11-04-2023 18:54,Tue
8547744,BB,18-01-2023 01:32,18-01-2023 09:32,Wed
8459355,MUM,14-03-2023 17:35,14-03-2023 23:35,Tue
8630792,MUM,14-12-2022 06:51,14-12-2022 15:51,Wed
8715883,BB,23-10-2022 08:20,23-10-2022 14:20,Sun
8628411,BB,27-12-2022 10:21,27-12-2022 22:21,Tue
8512964,BB,07-02-2023 04:29,07-02-2023 15:29,Tue
8592309,MGP,06-06-2023 13:01,06-06-2023 23:01,Tue
8671960,MGP,14-03-2023 12:02,14-03-2023 19:02,Tue
8647508,MUM,13-07-2022 09:27,13-07-2022 18:27,Wed
8499938,MGP,14-03-2023 18:55,15-03-2023 02:55,Tue
8499213,MGP,30-08-2022 05:35,30-08-2022 15:35,Tue
8464934,BB,11-04-2023 17:18,12-04-2023 02:18,Tue
8447858,BB,22-09-2022 20:33,23-09-2022 05:33,Thu
8702616,MGP,02-08-2022 00:33,02-08-2022 11:33,Tue
8714936,BB,02-02-2023 11:52,02-02-2023 18:52,Thu
8634110,MGP,26-07-2022 17:47,27-07-2022 00:47,Tue
8735150,BB,16-08-2022 10:50,16-08-2022 19:50,Tue
8628512,MUM,06-10-2022 14:28,06-10-2022 20:28,Thu
8735003,BB,30-12-2022 09:37,30-12-2022 20:37,Fri
8638888,MUM,17-10-2022 23:34,18-10-2022 07:34,Mon
8733945,MGP,22-05-2023 11:09,22-05-2023 20:09,Mon
8452475,MUM,20-04-2023 01:22,20-04-2023 09:22,Thu
8493113,MGP,28-05-2023 23:43,29-05-2023 07:43,Sun
8510190,BB,30-03-2023 16:35,31-03-2023 03:35,Thu
8661738,MUM,26-09-2022 07:52,26-09-2022 19:52,Mon
8706449,MGP,15-09-2022 02:39,15-09-2022 13:39,Thu
8652230,BB,23-04-2023 15:17,24-04-2023 03:17,Sun
8551796,MUM,14-03-2023 08:17,14-03-2023 16:17,Tue
8567617,BB,01-12-2022 18:22,02-12-2022 00:22,Thu
8453920,MGP,02-01-2023 00:01,02-01-2023 09:01,Mon
8659295,MGP,11-10-2022 09:56,11-10-2022 20:56,Tue
8501075,BB,03-07-2023 16:58,03-07-2023 23:58,Mon
8454054,MGP,24-10-2022 09:33,24-10-2022 21:33,Mon
8605455,BB,10-04-2023 16:41,11-04-2023 04:41,Mon
8571916,MGP,30-05-2023 20:48,31-05-2023 08:48,Tue
8668707,BB,11-09-2022 23:35,12-09-2022 08:35,Sun
8704866,MGP,19-04-2023 16:35,20-04-2023 04:35,Wed
8576719,MGP,28-02-2023 12:58,28-02-2023 22:58,Tue
8645260,MUM,16-03-2023 00:36,16-03-2023 07:36,Thu
8466743,BB,21-12-2022 15:58,21-12-2022 23:58,Wed
8522686,MUM,23-10-2022 13:19,23-10-2022 21:19,Sun
8449678,MUM,05-04-2023 04:16,05-04-2023 15:16,Wed
8567222,BB,10-02-2023 11:25,10-02-2023 21:25,Fri
8550007,BB,23-01-2023 21:46,24-01-2023 09:46,Mon
8631105,MUM,10-02-2023 21:06,11-02-2023 03:06,Fri
8605665,MGP,25-12-2022 13:55,25-12-2022 20:55,Sun
8575644,MGP,05-07-2023 15:49,06-07-2023 00:49,Wed
8635096,BB,18-06-2023 22:25,19-06-2023 07:25,Sun
8549362,MGP,02-11-2022 20:11,03-11-2022 05:11,Wed
8563371,MGP,20-09-2022 00:25,20-09-2022 06:25,Tue
8683012,BB,06-10-2022 12:17,06-10-2022 22:17,Thu
8531426,MGP,14-02-2023 22:38,15-02-2023 09:38,Tue
8653572,BB,22-03-2023 09:27,22-03-2023 17:27,Wed
8646079,BB,02-10-2022 13:17,02-10-2022 21:17,Sun
8584445,MGP,09-12-2022 12:44,09-12-2022 19:44,Fri
8480185,MUM,27-02-2023 19:59,28-02-2023 06:59,Mon
8554774,MGP,08-12-2022 16:00,09-12-2022 00:00,Thu
8588382,MGP,24-02-2023 17:56,25-02-2023 04:56,Fri
8445436,MGP,23-10-2022 14:16,23-10-2022 23:16,Sun
8622917,MGP,23-05-2023 09:51,23-05-2023 19:51,Tue
8451155,BB,04-04-2023 00:21,04-04-2023 09:21,Tue
8593232,BB,13-01-2023 21:44,14-01-2023 08:44,Fri
8711617,MGP,06-09-2022 11:25,06-09-2022 23:25,Tue
8582945,BB,15-03-2023 00:00,15-03-2023 07:00,Wed
8720350,BB,28-02-2023 04:37,28-02-2023 14:37,Tue
8732923,MGP,22-01-2023 14:35,22-01-2023 23:35,Sun
8480742,MGP,16-04-2023 23:02,17-04-2023 05:02,Sun
8472518,BB,05-05-2023 00:44,05-05-2023 12:44,Fri
8480606,BB,28-09-2022 11:49,28-09-2022 18:49,Wed
8679393,BB,28-05-2023 01:44,28-05-2023 11:44,Sun
8717301,MUM,01-08-2022 00:40,01-08-2022 06:40,Mon
8599499,BB,31-08-2022 14:00,01-09-2022 01:00,Wed
8496663,BB,18-05-2023 15:43,19-05-2023 02:43,Thu
8624745,MUM,04-12-2022 02:13,04-12-2022 09:13,Sun
8694385,MUM,01-01-2023 09:02,01-01-2023 18:02,Sun
8593704,BB,27-01-2023 10:29,27-01-2023 21:29,Fri
8719615,MUM,27-07-2022 23:00,28-07-2022 07:00,Wed
8737025,BB,20-01-2023 07:28,20-01-2023 14:28,Fri
8659760,MUM,03-10-2022 23:50,04-10-2022 06:50,Mon
8552175,MGP,02-10-2022 23:39,03-10-2022 08:39,Sun
8508452,MGP,27-11-2022 17:04,28-11-2022 05:04,Sun
8718701,BB,05-01-2023 07:06,05-01-2023 19:06,Thu
8507449,MUM,08-02-2023 17:12,09-02-2023 04:12,Wed
8729587,MUM,18-07-2022 18:44,19-07-2022 03:44,Mon
8668015,MUM,29-01-2023 04:11,29-01-2023 12:11,Sun
8450269,MUM,15-07-2022 12:01,15-07-2022 23:01,Fri
8695735,MUM,20-06-2023 05:38,20-06-2023 13:38,Tue
8559521,MGP,29-07-2022 01:24,29-07-2022 11:24,Fri
8602751,BB,08-09-2022 02:39,08-09-2022 14:39,Thu
8530157,MGP,06-10-2022 11:15,06-10-2022 19:15,Thu
8538394,MGP,15-02-2023 00:18,15-02-2023 10:18,Wed
8616393,MUM,07-09-2022 22:12,08-09-2022 07:12,Wed
8472897,BB,20-07-2022 17:39,21-07-2022 02:39,Wed
8569859,MUM,18-10-2022 12:35,18-10-2022 22:35,Tue
8716898,MUM,05-07-2023 16:36,06-07-2023 01:36,Wed
8505310,BB,11-01-2023 00:57,11-01-2023 12:57,Wed
8542634,MGP,21-10-2022 08:43,21-10-2022 20:43,Fri
8508571,MGP,10-04-2023 04:23,10-04-2023 12:23,Mon
8570541,BB,08-05-2023 01:56,08-05-2023 13:56,Mon
8548331,MGP,05-09-2022 16:08,05-09-2022 23:08,Mon
8526618,MGP,11-10-2022 13:39,11-10-2022 20:39,Tue
8713775,MUM,28-07-2022 11:01,28-07-2022 21:01,Thu
8589629,MUM,06-10-2022 10:33,06-10-2022 19:33,Thu
8533217,MGP,12-02-2023 14:30,13-02-2023 01:30,Sun
8594860,MUM,02-05-2023 05:57,02-05-2023 13:57,Tue
8476928,MGP,12-07-2022 07:56,12-07-2022 15:56,Tue
8453810,BB,01-02-2023 10:24,01-02-2023 19:24,Wed
8587382,MGP,24-11-2022 15:55,25-11-2022 02:55,Thu
8488643,MUM,28-06-2023 03:25,28-06-2023 10:25,Wed
8707668,MUM,02-05-2023 05:33,02-05-2023 16:33,Tue
8471600,BB,08-03-2023 17:26,09-03-2023 03:26,Wed
8724687,MUM,29-06-2023 21:52,30-06-2023 09:52,Thu
8502540,BB,22-07-2022 08:46,22-07-2022 16:46,Fri
8488024,BB,26-03-2023 19:40,27-03-2023 03:40,Sun
8447441,BB,03-03-2023 13:50,04-03-2023 01:50,Fri
8530536,BB,02-10-2022 06:13,02-10-2022 17:13,Sun
8467220,MUM,05-04-2023 16:13,06-04-2023 01:13,Wed
8473286,BB,13-06-2023 02:11,13-06-2023 14:11,Tue
8639587,MUM,29-01-2023 10:04,29-01-2023 22:04,Sun
8456100,MUM,03-04-2023 12:27,03-04-2023 19:27,Mon
8531590,MGP,28-06-2023 19:53,29-06-2023 03:53,Wed
8718876,BB,14-07-2022 10:35,14-07-2022 19:35,Thu
8700587,BB,21-12-2022 11:11,21-12-2022 20:11,Wed
8580980,BB,13-03-2023 05:28,13-03-2023 16:28,Mon
8702035,BB,08-03-2023 12:25,08-03-2023 18:25,Wed
8594841,MUM,11-05-2023 03:26,11-05-2023 12:26,Thu
8736452,MGP,11-07-2022 02:38,11-07-2022 14:38,Mon
8657580,MUM,21-08-2022 11:43,21-08-2022 20:43,Sun
8729651,MGP,11-01-2023 16:43,12-01-2023 02:43,Wed
8457356,MUM,18-12-2022 23:03,19-12-2022 06:03,Sun
8614656,BB,12-08-2022 10:34,12-08-2022 20:34,Fri
8473075,MGP,12-05-2023 15:36,12-05-2023 23:36,Fri
8698871,BB,25-09-2022 09:40,25-09-2022 15:40,Sun
8501902,MUM,19-08-2022 08:12,19-08-2022 15:12,Fri
8722592,MGP,19-04-2023 12:48,19-04-2023 23:48,Wed
8665078,BB,17-02-2023 15:45,18-02-2023 03:45,Fri
8628021,MGP,31-08-2022 20:38,01-09-2022 04:38,Wed
8572579,BB,17-08-2022 14:39,18-08-2022 00:39,Wed
8729920,MGP,09-09-2022 09:25,09-09-2022 16:25,Fri
8612558,MGP,13-07-2022 13:25,14-07-2022 01:25,Wed
8669194,MUM,05-08-2022 18:35,06-08-2022 02:35,Fri
8683637,MGP,04-01-2023 06:20,04-01-2023 12:20,Wed
8578099,MUM,21-08-2022 21:51,22-08-2022 03:51,Sun
8480822,MUM,30-09-2022 08:36,30-09-2022 17:36,Fri
8731783,MUM,14-02-2023 14:43,14-02-2023 21:43,Tue
8537168,MGP,07-12-2022 18:53,08-12-2022 03:53,Wed
8637786,MUM,15-02-2023 09:05,15-02-2023 21:05,Wed
8517441,MUM,28-02-2023 16:38,01-03-2023 01:38,Tue
8505380,BB,30-11-2022 08:51,30-11-2022 14:51,Wed
8455380,MUM,28-05-2023 20:46,29-05-2023 07:46,Sun
8449587,BB,27-02-2023 13:23,27-02-2023 21:23,Mon
8666366,MUM,16-12-2022 08:23,16-12-2022 16:23,Fri
8535022,BB,24-02-2023 22:28,25-02-2023 06:28,Fri
8720997,MUM,28-12-2022 03:27,28-12-2022 14:27,Wed
8505296,MGP,22-09-2022 17:54,23-09-2022 03:54,Thu
8544484,MGP,27-02-2023 05:57,27-02-2023 11:57,Mon
8654199,BB,10-02-2023 05:12,10-02-2023 13:12,Fri
8498392,BB,16-10-2022 02:02,16-10-2022 12:02,Sun
8487997,MUM,11-01-2023 07:23,11-01-2023 15:23,Wed
8462635,BB,04-04-2023 22:12,05-04-2023 04:12,Tue
8680398,BB,21-07-2022 18:18,22-07-2022 01:18,Thu
8569332,BB,09-07-2023 16:44,10-07-2023 04:44,Sun
8671650,MGP,09-06-2023 00:13,09-06-2023 10:13,Fri
8481756,BB,19-09-2022 14:04,19-09-2022 21:04,Mon
8554471,BB,08-01-2023 15:11,08-01-2023 21:11,Sun
8742015,MGP,14-02-2023 12:28,14-02-2023 22:28,Tue
8460561,MGP,14-10-2022 21:08,15-10-2022 08:08,Fri
8582778,MGP,27-10-2022 17:39,28-10-2022 00:39,Thu
8698717,MUM,07-03-2023 21:51,08-03-2023 05:51,Tue
8705858,BB,25-07-2022 07:31,25-07-2022 14:31,Mon
8743440,MUM,13-10-2022 13:55,13-10-2022 21:55,Thu
8535904,BB,15-12-2022 18:33,16-12-2022 01:33,Thu
8579856,BB,17-08-2022 01:17,17-08-2022 11:17,Wed
8500264,BB,29-12-2022 05:33,29-12-2022 14:33,Thu
8713222,MGP,23-11-2022 04:36,23-11-2022 12:36,Wed
8601372,MUM,19-01-2023 04:31,19-01-2023 11:31,Thu
8504715,BB,04-01-2023 08:59,04-01-2023 14:59,Wed
8455693,MUM,12-10-2022 01:09,12-10-2022 07:09,Wed
8730897,MGP,01-02-2023 02:45,01-02-2023 13:45,Wed
8452108,BB,19-10-2022 23:56,20-10-2022 11:56,Wed
8590843,MGP,05-05-2023 04:55,05-05-2023 13:55,Fri
8630184,MUM,19-06-2023 22:57,20-06-2023 05:57,Mon
8485860,BB,29-11-2022 23:38,30-11-2022 11:38,Tue
8713861,BB,18-07-2022 03:40,18-07-2022 12:40,Mon
8522693,BB,28-10-2022 14:54,29-10-2022 00:54,Fri
8613699,MGP,23-02-2023 10:59,23-02-2023 21:59,Thu
8692827,BB,24-04-2023 14:07,24-04-2023 23:07,Mon
8603149,MUM,31-10-2022 20:17,01-11-2022 02:17,Mon
8557643,BB,03-07-2023 08:50,03-07-2023 18:50,Mon
8685576,BB,09-01-2023 09:37,09-01-2023 21:37,Mon
8679198,BB,22-08-2022 16:00,23-08-2022 03:00,Mon
8483149,MGP,15-08-2022 05:53,15-08-2022 13:53,Mon
8664284,MUM,21-04-2023 03:08,21-04-2023 14:08,Fri
8704661,BB,13-06-2023 14:23,13-06-2023 21:23,Tue
8474909,MGP,29-12-2022 04:45,29-12-2022 15:45,Thu
8542419,BB,12-04-2023 20:07,13-04-2023 07:07,Wed
8664458,MGP,16-11-2022 06:36,16-11-2022 16:36,Wed
8725716,BB,14-07-2022 17:04,15-07-2022 00:04,Thu
8599519,BB,20-06-2023 15:09,20-06-2023 22:09,Tue
8503765,MGP,22-09-2022 01:50,22-09-2022 09:50,Thu
8486778,MUM,14-04-2023 22:12,15-04-2023 09:12,Fri
8554921,MGP,22-03-2023 12:14,22-03-2023 19:14,Wed
8539349,BB,26-12-2022 02:23,26-12-2022 14:23,Mon
8585517,MGP,24-10-2022 11:05,24-10-2022 18:05,Mon
8538624,BB,22-09-2022 16:11,23-09-2022 02:11,Thu
8449301,MUM,11-01-2023 09:32,11-01-2023 15:32,Wed
8595555,BB,02-12-2022 22:12,03-12-2022 08:12,Fri
8553890,MUM,18-11-2022 14:23,18-11-2022 22:23,Fri
8493190,MGP,02-08-2022 19:49,03-08-2022 04:49,Tue
8688454,MGP,02-01-2023 14:42,02-01-2023 23:42,Mon
8628547,BB,28-06-2023 17:07,29-06-2023 01:07,Wed
8729956,MGP,11-10-2022 16:18,12-10-2022 02:18,Tue
8653825,BB,01-02-2023 03:27,01-02-2023 13:27,Wed
8602738,BB,19-08-2022 02:47,19-08-2022 08:47,Fri
8461915,MUM,20-12-2022 02:50,20-12-2022 11:50,Tue
8622398,MUM,21-11-2022 13:24,21-11-2022 21:24,Mon
8724131,MGP,22-12-2022 21:36,23-12-2022 07:36,Thu
8704882,MGP,05-07-2023 12:13,05-07-2023 22:13,Wed
8655637,MUM,17-03-2023 10:39,17-03-2023 22:39,Fri
8509452,MGP,01-11-2022 07:03,01-11-2022 19:03,Tue
8646057,BB,16-09-2022 06:21,16-09-2022 13:21,Fri
8500610,BB,06-01-2023 12:43,06-01-2023 23:43,Fri
8721044,MUM,29-09-2022 10:57,29-09-2022 21:57,Thu
8456793,BB,20-07-2022 07:55,20-07-2022 19:55,Wed
8521413,MUM,28-09-2022 19:54,29-09-2022 06:54,Wed
8444878,MGP,16-09-2022 23:46,17-09-2022 07:46,Fri
8580554,MGP,18-05-2023 20:23,19-05-2023 08:23,Thu
8675886,BB,08-03-2023 05:41,08-03-2023 12:41,Wed
8494182,MGP,11-08-2022 20:58,12-08-2022 02:58,Thu
8595913,MUM,25-11-2022 02:44,25-11-2022 14:44,Fri
8574171,BB,06-06-2023 23:24,07-06-2023 11:24,Tue
8492343,MGP,04-01-2023 17:19,05-01-2023 03:19,Wed
8592183,MUM,07-02-2023 14:51,07-02-2023 21:51,Tue
8510899,MUM,02-01-2023 13:42,02-01-2023 20:42,Mon
8711309,BB,18-08-2022 23:08,19-08-2022 08:08,Thu
8460894,BB,15-05-2023 08:59,15-05-2023 16:59,Mon
8531349,MUM,06-12-2022 05:11,06-12-2022 13:11,Tue
8579731,MUM,29-05-2023 01:02,29-05-2023 10:02,Mon
8519754,BB,03-10-2022 16:04,03-10-2022 23:04,Mon
8504291,MUM,13-06-2023 16:21,14-06-2023 00:21,Tue
8455263,MUM,22-03-2023 13:57,23-03-2023 01:57,Wed
8543077,MGP,03-07-2023 14:11,04-07-2023 01:11,Mon
8510048,BB,22-06-2023 20:39,23-06-2023 04:39,Thu
8662732,MUM,28-04-2023 17:26,28-04-2023 23:26,Fri
8684648,BB,17-08-2022 11:36,17-08-2022 21:36,Wed
8740129,MGP,17-02-2023 08:01,17-02-2023 14:01,Fri
8730068,MUM,31-01-2023 15:25,01-02-2023 00:25,Tue
8685145,MUM,17-01-2023 19:23,18-01-2023 07:23,Tue
8715117,MUM,28-03-2023 10:59,28-03-2023 21:59,Tue
8718425,MUM,04-11-2022 08:15,04-11-2022 16:15,Fri
8540252,MGP,28-06-2023 10:11,28-06-2023 21:11,Wed
8566811,MGP,30-12-2022 16:46,30-12-2022 22:46,Fri
8614600,MUM,23-02-2023 01:51,23-02-2023 07:51,Thu
8527584,MGP,06-09-2022 11:51,06-09-2022 17:51,Tue
8601007,MGP,28-03-2023 18:53,29-03-2023 05:53,Tue
8610345,MGP,06-07-2023 17:12,07-07-2023 00:12,Thu
8668000,MUM,01-12-2022 10:21,01-12-2022 18:21,Thu
8600606,MUM,25-11-2022 23:54,26-11-2022 06:54,Fri
8487772,MUM,12-04-2023 07:52,12-04-2023 18:52,Wed
8522041,BB,28-07-2022 16:07,29-07-2022 01:07,Thu
8480068,MUM,27-07-2022 06:03,27-07-2022 15:03,Wed
8628756,MUM,20-09-2022 18:49,21-09-2022 03:49,Tue
8636688,MUM,30-01-2023 15:25,31-01-2023 01:25,Mon
8502963,BB,19-09-2022 05:32,19-09-2022 12:32,Mon
8455774,BB,04-07-2023 14:00,04-07-2023 20:00,Tue
8728664,MUM,26-12-2022 04:09,26-12-2022 14:09,Mon
8525171,MUM,27-07-2022 04:29,27-07-2022 16:29,Wed
8561542,BB,09-06-2023 00:54,09-06-2023 07:54,Fri
8547864,MGP,21-03-2023 05:10,21-03-2023 15:10,Tue
8468222,BB,26-04-2023 08:14,26-04-2023 16:14,Wed
8681595,MUM,11-11-2022 06:13,11-11-2022 16:13,Fri
8483326,BB,30-08-2022 10:31,30-08-2022 21:31,Tue
8695128,MGP,17-08-2022 01:58,17-08-2022 10:58,Wed
8556444,BB,29-09-2022 16:12,30-09-2022 02:12,Thu
8623920,MGP,03-10-2022 23:39,04-10-2022 07:39,Mon
8550923,MGP,14-09-2022 22:18,15-09-2022 05:18,Wed
8741865,BB,18-10-2022 13:37,18-10-2022 21:37,Tue
8649760,MUM,23-05-2023 17:35,24-05-2023 05:35,Tue
8461353,MUM,29-06-2023 07:42,29-06-2023 19:42,Thu
8540018,BB,20-04-2023 20:18,21-04-2023 02:18,Thu
8726950,MGP,20-03-2023 06:36,20-03-2023 14:36,Mon
8460554,MUM,05-10-2022 15:09,06-10-2022 00:09,Wed
8728847,MUM,24-03-2023 18:30,25-03-2023 02:30,Fri
8523814,BB,15-12-2022 00:08,15-12-2022 12:08,Thu
8561602,BB,08-09-2022 04:50,08-09-2022 12:50,Thu
8728533,MGP,02-09-2022 13:18,02-09-2022 22:18,Fri
8610672,MGP,02-11-2022 07:42,02-11-2022 13:42,Wed
8468484,BB,03-02-2023 13:02,04-02-2023 01:02,Fri
8612867,MGP,07-04-2023 14:07,08-04-2023 02:07,Fri
8689532,MUM,11-08-2022 02:26,11-08-2022 14:26,Thu
8588689,BB,23-03-2023 05:38,23-03-2023 16:38,Thu
8500627,MUM,07-12-2022 16:00,08-12-2022 01:00,Wed
8463106,MUM,17-11-2022 22:12,18-11-2022 08:12,Thu
8552227,MGP,13-12-2022 17:59,13-12-2022 23:59,Tue
8589304,BB,27-02-2023 04:47,27-02-2023 13:47,Mon
8713234,BB,18-11-2022 07:34,18-11-2022 14:34,Fri
8717153,MGP,30-11-2022 04:03,30-11-2022 13:03,Wed
8451876,MGP,07-07-2023 08:23,07-07-2023 18:23,Fri
8722690,MGP,07-02-2023 06:56,07-02-2023 14:56,Tue
8664160,BB,10-10-2022 16:10,11-10-2022 04:10,Mon
8520151,MUM,06-07-2023 19:47,07-07-2023 01:47,Thu
8466412,MGP,06-06-2023 03:47,06-06-2023 14:47,Tue
8583856,MGP,04-07-2023 01:50,04-07-2023 13:50,Tue
8581893,BB,09-12-2022 13:08,09-12-2022 19:08,Fri
8505953,BB,23-08-2022 12:57,23-08-2022 23:57,Tue
8656600,MGP,06-07-2023 02:58,06-07-2023 09:58,Thu
8737164,BB,05-09-2022 09:22,05-09-2022 16:22,Mon
8625996,MUM,24-03-2023 01:06,24-03-2023 09:06,Fri
8593878,MUM,08-02-2023 12:05,08-02-2023 22:05,Wed
8526750,MUM,12-04-2023 06:45,12-04-2023 15:45,Wed
8680273,MUM,24-03-2023 05:10,24-03-2023 12:10,Fri
8541490,MGP,13-06-2023 20:07,14-06-2023 03:07,Tue
8455132,MGP,25-11-2022 17:30,26-11-2022 04:30,Fri
8723519,MUM,09-05-2023 10:11,09-05-2023 20:11,Tue
8507199,MGP,10-04-2023 07:00,10-04-2023 18:00,Mon
8621109,MUM,28-04-2023 08:06,28-04-2023 14:06,Fri
8564651,MUM,22-02-2023 08:03,22-02-2023 17:03,Wed
8700125,MUM,21-04-2023 17:25,21-04-2023 23:25,Fri
8588184,BB,29-08-2022 11:41,29-08-2022 17:41,Mon
8597572,MGP,03-03-2023 23:59,04-03-2023 05:59,Fri
8496877,MGP,22-08-2022 08:16,22-08-2022 15:16,Mon
8576553,BB,07-12-2022 20:04,08-12-2022 08:04,Wed
8483239,BB,11-01-2023 01:52,11-01-2023 09:52,Wed
8629520,MUM,03-11-2022 08:34,03-11-2022 19:34,Thu
8683821,BB,06-02-2023 03:44,06-02-2023 13:44,Mon
8639384,BB,23-02-2023 11:08,23-02-2023 22:08,Thu
8562110,MGP,21-06-2023 14:26,21-06-2023 20:26,Wed
8569793,MUM,18-07-2022 13:56,18-07-2022 19:56,Mon
8644205,BB,22-05-2023 05:52,22-05-2023 11:52,Mon
8700154,BB,19-08-2022 16:46,20-08-2022 00:46,Fri
8456877,MUM,08-03-2023 19:58,09-03-2023 05:58,Wed
8601253,MGP,21-09-2022 16:39,22-09-2022 01:39,Wed
8713166,MGP,08-02-2023 18:36,09-02-2023 03:36,Wed
8489008,MGP,08-08-2022 00:20,08-08-2022 12:20,Mon
8569437,MGP,12-04-2023 07:39,12-04-2023 14:39,Wed
8586749,MUM,23-06-2023 05:57,23-06-2023 14:57,Fri
8628998,BB,02-11-2022 02:00,02-11-2022 11:00,Wed
8743915,BB,06-04-2023 23:58,07-04-2023 06:58,Thu
8573609,BB,29-08-2022 20:21,30-08-2022 03:21,Mon
8532008,MUM,17-02-2023 14:26,18-02-2023 02:26,Fri
8464670,BB,11-08-2022 10:27,11-08-2022 20:27,Thu
8464913,MGP,18-01-2023 22:32,19-01-2023 06:32,Wed
8738882,MUM,26-05-2023 02:50,26-05-2023 09:50,Fri
8730768,MUM,29-09-2022 07:36,29-09-2022 15:36,Thu
8659929,MGP,16-11-2022 12:03,16-11-2022 23:03,Wed
8547968,BB,06-03-2023 21:02,07-03-2023 07:02,Mon
8471888,MGP,20-02-2023 07:07,20-02-2023 15:07,Mon
8580192,MUM,28-09-2022 04:41,28-09-2022 11:41,Wed
8506265,MGP,05-06-2023 01:51,05-06-2023 10:51,Mon
8544879,MUM,11-04-2023 11:54,11-04-2023 18:54,Tue
8729694,BB,26-01-2023 17:32,27-01-2023 01:32,Thu
8597617,MGP,15-07-2022 02:20,15-07-2022 12:20,Fri
8659136,MGP,31-05-2023 16:14,01-06-2023 03:14,Wed
8564418,MUM,05-10-2022 23:16,06-10-2022 06:16,Wed
8740407,MGP,11-08-2022 01:10,11-08-2022 10:10,Thu
8604008,MUM,16-06-2023 22:04,17-06-2023 06:04,Fri
8739735,MGP,07-02-2023 04:52,07-02-2023 10:52,Tue
8585512,BB,25-05-2023 11:26,25-05-2023 17:26,Thu
8636686,MUM,01-11-2022 07:10,01-11-2022 13:10,Tue
8700908,MUM,13-07-2022 20:10,14-07-2022 03:10,Wed
8574792,MGP,15-11-2022 14:24,16-11-2022 00:24,Tue
8564611,MUM,28-11-2022 04:18,28-11-2022 13:18,Mon
8498258,MGP,24-05-2023 08:10,24-05-2023 16:10,Wed
8450933,MUM,07-06-2023 19:20,08-06-2023 02:20,Wed
8709778,MGP,17-05-2023 10:51,17-05-2023 17:51,Wed
8693622,MUM,16-03-2023 22:43,17-03-2023 07:43,Thu
8445929,MUM,05-01-2023 15:04,05-01-2023 21:04,Thu
8552599,MUM,13-07-2022 18:31,14-07-2022 04:31,Wed
8531706,BB,08-06-2023 11:14,08-06-2023 21:14,Thu
8480005,MGP,23-11-2022 18:28,24-11-2022 02:28,Wed
8515799,MGP,14-02-2023 06:49,14-02-2023 14:49,Tue
8486392,BB,21-12-2022 20:24,22-12-2022 03:24,Wed
8540514,MUM,18-05-2023 22:07,19-05-2023 10:07,Thu
8658001,BB,13-09-2022 16:44,14-09-2022 01:44,Tue
8641483,BB,14-03-2023 06:54,14-03-2023 15:54,Tue
8713914,BB,20-07-2022 04:52,20-07-2022 10:52,Wed
8706461,MGP,17-03-2023 01:44,17-03-2023 07:44,Fri
8607120,BB,27-01-2023 09:53,27-01-2023 20:53,Fri
8540379,MUM,25-01-2023 22:58,26-01-2023 04:58,Wed
8739801,MGP,03-04-2023 12:59,04-04-2023 00:59,Mon
8710068,MUM,06-06-2023 13:01,06-06-2023 23:01,Tue
8577803,MUM,30-06-2023 04:30,30-06-2023 11:30,Fri
8655760,MGP,27-10-2022 12:57,27-10-2022 20:57,Thu
8556753,BB,07-09-2022 10:42,07-09-2022 22:42,Wed
8516812,BB,20-07-2022 02:11,20-07-2022 11:11,Wed
8596680,MGP,04-08-2022 06:35,04-08-2022 15:35,Thu
8661651,MUM,28-06-2023 13:37,28-06-2023 19:37,Wed
8705717,MUM,13-10-2022 00:28,13-10-2022 10:28,Thu
8634480,MGP,18-11-2022 22:39,19-11-2022 08:39,Fri
8637046,MGP,09-12-2022 08:47,09-12-2022 17:47,Fri
8518928,MGP,26-05-2023 20:08,27-05-2023 07:08,Fri
8603575,MGP,15-11-2022 22:19,16-11-2022 08:19,Tue
8715764,MUM,02-09-2022 08:08,02-09-2022 19:08,Fri
8741688,MUM,14-10-2022 08:26,14-10-2022 20:26,Fri
8657720,MGP,25-07-2022 14:05,26-07-2022 00:05,Mon
8513399,BB,03-07-2023 22:41,04-07-2023 06:41,Mon
8491447,MUM,02-09-2022 21:53,03-09-2022 04:53,Fri
8565421,MGP,30-08-2022 09:47,30-08-2022 21:47,Tue
8715249,MGP,17-11-2022 09:31,17-11-2022 18:31,Thu
8572331,MGP,28-11-2022 14:07,28-11-2022 23:07,Mon
8607196,BB,22-12-2022 22:39,23-12-2022 06:39,Thu
8565974,MGP,29-06-2023 12:46,30-06-2023 00:46,Thu
8554084,MGP,27-09-2022 10:41,27-09-2022 19:41,Tue
8702575,MUM,13-07-2022 04:41,13-07-2022 13:41,Wed
8577030,MGP,16-09-2022 15:08,17-09-2022 02:08,Fri
8512998,MUM,05-05-2023 16:14,06-05-2023 00:14,Fri
8477953,BB,12-10-2022 09:56,12-10-2022 17:56,Wed
8455817,MGP,14-06-2023 07:55,14-06-2023 16:55,Wed
8580556,MGP,28-11-2022 14:29,29-11-2022 02:29,Mon
8690911,MGP,31-05-2023 16:29,01-06-2023 04:29,Wed
8743974,MUM,17-11-2022 15:00,18-11-2022 00:00,Thu
8684103,MGP,07-07-2023 15:08,08-07-2023 03:08,Fri
8630063,MGP,19-12-2022 21:21,20-12-2022 09:21,Mon
8724798,MGP,29-07-2022 18:27,30-07-2022 00:27,Fri
8726867,MGP,10-05-2023 01:44,10-05-2023 09:44,Wed
8551370,MGP,15-05-2023 03:40,15-05-2023 15:40,Mon
8666677,BB,30-12-2022 19:26,31-12-2022 05:26,Fri
8582643,BB,03-02-2023 00:44,03-02-2023 09:44,Fri
8503589,MUM,31-08-2022 14:05,01-09-2022 02:05,Wed
8569334,MGP,06-03-2023 05:38,06-03-2023 15:38,Mon
8615566,MGP,01-06-2023 10:57,01-06-2023 16:57,Thu
8662400,MUM,12-05-2023 18:44,13-05-2023 04:44,Fri
8500459,MGP,13-09-2022 20:47,14-09-2022 06:47,Tue
8731570,MGP,11-04-2023 17:18,12-04-2023 02:18,Tue
8518848,MGP,23-03-2023 02:23,23-03-2023 10:23,Thu
8723846,MUM,20-06-2023 13:26,20-06-2023 21:26,Tue
8588885,MUM,05-09-2022 04:16,05-09-2022 10:16,Mon
8583876,BB,02-08-2022 00:33,02-08-2022 11:33,Tue
8607348,MUM,02-09-2022 09:56,02-09-2022 16:56,Fri
8718650,MUM,16-12-2022 22:10,17-12-2022 08:10,Fri
8451333,MUM,21-11-2022 15:22,22-11-2022 01:22,Mon
8691378,MGP,06-10-2022 16:06,07-10-2022 01:06,Thu
8565416,BB,24-10-2022 17:17,25-10-2022 01:17,Mon
8559992,MGP,30-01-2023 21:39,31-01-2023 07:39,Mon
8499233,MUM,06-03-2023 17:02,07-03-2023 02:02,Mon
8696550,BB,08-06-2023 20:34,09-06-2023 05:34,Thu
8454792,MGP,02-03-2023 22:05,03-03-2023 04:05,Thu
8510963,MGP,26-06-2023 18:00,27-06-2023 01:00,Mon
8485724,BB,10-11-2022 05:27,10-11-2022 16:27,Thu
8585529,MGP,13-02-2023 20:00,14-02-2023 06:00,Mon
8539248,MUM,12-10-2022 09:23,12-10-2022 19:23,Wed
8600853,MUM,12-08-2022 09:01,12-08-2022 16:01,Fri
8457311,BB,07-02-2023 16:23,08-02-2023 02:23,Tue
8546802,MUM,07-07-2023 19:30,08-07-2023 03:30,Fri
8665151,MGP,14-12-2022 17:49,15-12-2022 02:49,Wed
8483949,MUM,10-04-2023 17:23,11-04-2023 03:23,Mon
8474495,MUM,05-01-2023 16:56,06-01-2023 01:56,Thu
8597945,BB,25-07-2022 22:58,26-07-2022 10:58,Mon
8720103,BB,05-07-2023 20:24,06-07-2023 07:24,Wed
8670111,MGP,23-08-2022 17:32,24-08-2022 02:32,Tue
8536884,MUM,08-11-2022 00:51,08-11-2022 07:51,Tue
8660483,MGP,10-05-2023 11:00,10-05-2023 22:00,Wed
8657385,MGP,08-08-2022 10:17,08-08-2022 16:17,Mon
8625086,MGP,30-05-2023 13:34,30-05-2023 22:34,Tue
8625418,BB,22-07-2022 10:15,22-07-2022 17:15,Fri
8491317,BB,27-02-2023 01:02,27-02-2023 10:02,Mon
8638284,BB,29-11-2022 12:01,29-11-2022 18:01,Tue
8593099,BB,20-12-2022 20:48,21-12-2022 07:48,Tue
8667044,MGP,20-04-2023 08:05,20-04-2023 15:05,Thu
8591387,MUM,24-02-2023 09:00,24-02-2023 15:00,Fri
8517840,BB,11-07-2022 21:18,12-07-2022 07:18,Mon
8537264,MUM,12-08-2022 14:25,13-08-2022 00:25,Fri
8665424,BB,12-01-2023 17:34,13-01-2023 00:34,Thu
8596837,BB,23-03-2023 12:47,23-03-2023 19:47,Thu
8708255,BB,14-07-2022 11:53,14-07-2022 17:53,Thu
8558576,BB,16-06-2023 01:57,16-06-2023 10:57,Fri
8528135,MGP,05-10-2022 10:27,05-10-2022 20:27,Wed
8689833,MUM,15-03-2023 01:23,15-03-2023 07:23,Wed
8566761,MGP,17-03-2023 15:52,18-03-2023 03:52,Fri
8545339,MUM,10-02-2023 05:40,10-02-2023 17:40,Fri
8550838,BB,29-12-2022 07:46,29-12-2022 18:46,Thu
8520210,BB,02-01-2023 23:57,03-01-2023 11:57,Mon
8557357,BB,15-03-2023 04:09,15-03-2023 13:09,Wed
8556401,MUM,17-01-2023 03:31,17-01-2023 10:31,Tue
8733440,MUM,15-11-2022 05:04,15-11-2022 17:04,Tue
8596351,MUM,07-11-2022 05:30,07-11-2022 17:30,Mon
8642997,MUM,03-03-2023 23:21,04-03-2023 06:21,Fri
8653086,MGP,17-11-2022 05:22,17-11-2022 13:22,Thu
8638743,MGP,26-07-2022 10:58,26-07-2022 17:58,Tue
8544101,BB,14-09-2022 19:16,15-09-2022 06:16,Wed
8530958,BB,20-04-2023 12:58,20-04-2023 21:58,Thu
8669548,MUM,23-01-2023 01:26,23-01-2023 10:26,Mon
8499131,MGP,06-07-2023 03:18,06-07-2023 11:18,Thu
8535760,MUM,12-10-2022 11:48,12-10-2022 20:48,Wed
8475930,MUM,30-01-2023 02:51,30-01-2023 10:51,Mon
8512192,MUM,10-11-2022 05:55,10-11-2022 12:55,Thu
8555729,BB,01-02-2023 01:24,01-02-2023 09:24,Wed
8488152,MUM,24-02-2023 23:53,25-02-2023 09:53,Fri
8453427,MUM,24-03-2023 20:23,25-03-2023 07:23,Fri
8463178,MUM,01-12-2022 11:18,01-12-2022 21:18,Thu
8691446,MGP,26-06-2023 15:17,26-06-2023 22:17,Mon
8685031,BB,23-08-2022 04:51,23-08-2022 13:51,Tue
8478331,MUM,09-06-2023 09:51,09-06-2023 15:51,Fri
8715585,MGP,15-06-2023 11:29,15-06-2023 20:29,Thu
8461364,BB,20-10-2022 01:46,20-10-2022 12:46,Thu
8489766,BB,03-05-2023 23:54,04-05-2023 06:54,Wed
8662764,MGP,09-08-2022 00:47,09-08-2022 07:47,Tue
8674069,MGP,10-08-2022 16:54,11-08-2022 02:54,Wed
8648785,MGP,30-08-2022 17:51,31-08-2022 04:51,Tue
8551042,MUM,25-05-2023 14:04,26-05-2023 00:04,Thu
8641943,BB,27-06-2023 13:01,28-06-2023 01:01,Tue
8715233,BB,15-09-2022 20:56,16-09-2022 04:56,Thu
8617725,MUM,28-03-2023 11:00,28-03-2023 19:00,Tue
8451678,MUM,05-08-2022 09:10,05-08-2022 15:10,Fri
8513360,MGP,20-03-2023 23:00,21-03-2023 07:00,Mon
8501334,MGP,20-07-2022 04:19,20-07-2022 14:19,Wed
8451484,BB,28-04-2023 22:26,29-04-2023 07:26,Fri
8494384,MUM,23-03-2023 10:02,23-03-2023 16:02,Thu
8667603,MGP,19-04-2023 19:30,20-04-2023 06:30,Wed
8643550,MUM,01-05-2023 09:07,01-05-2023 19:07,Mon
8599063,MUM,06-10-2022 12:29,06-10-2022 19:29,Thu
8483917,MUM,19-05-2023 18:07,20-05-2023 00:07,Fri
8586904,BB,15-05-2023 01:19,15-05-2023 10:19,Mon
8700096,MGP,10-10-2022 06:55,10-10-2022 12:55,Mon
8705580,BB,19-05-2023 00:23,19-05-2023 09:23,Fri
8601977,BB,11-10-2022 00:10,11-10-2022 06:10,Tue
8704916,BB,22-08-2022 06:01,22-08-2022 12:01,Mon
8718062,BB,17-10-2022 09:37,17-10-2022 21:37,Mon
8554600,BB,08-09-2022 19:02,09-09-2022 02:02,Thu
8507233,MUM,01-02-2023 08:51,01-02-2023 16:51,Wed
8736425,MUM,14-11-2022 18:57,15-11-2022 02:57,Mon
8635368,MGP,28-06-2023 10:06,28-06-2023 16:06,Wed
8661719,BB,23-02-2023 13:08,23-02-2023 23:08,Thu
8556156,BB,10-08-2022 10:32,10-08-2022 17:32,Wed
8672903,BB,29-05-2023 17:34,30-05-2023 04:34,Mon
8556177,MGP,16-12-2022 03:28,16-12-2022 15:28,Fri
8723084,MGP,24-02-2023 12:21,24-02-2023 22:21,Fri
8678063,MUM,03-11-2022 22:47,04-11-2022 07:47,Thu
8565025,MGP,13-02-2023 15:34,14-02-2023 03:34,Mon
8606247,MUM,28-10-2022 21:58,29-10-2022 04:58,Fri
8652169,MUM,11-11-2022 09:32,11-11-2022 17:32,Fri
8665760,MGP,04-05-2023 21:38,05-05-2023 03:38,Thu
8454973,MGP,05-09-2022 01:13,05-09-2022 10:13,Mon
8713285,MUM,12-07-2022 15:37,12-07-2022 21:37,Tue
8645254,MUM,27-04-2023 00:30,27-04-2023 08:30,Thu
8726207,BB,02-03-2023 22:39,03-03-2023 05:39,Thu
8623698,MGP,29-12-2022 15:47,30-12-2022 03:47,Thu
8710705,MGP,28-07-2022 18:34,29-07-2022 02:34,Thu
8498002,BB,11-10-2022 09:56,11-10-2022 20:56,Tue
8676543,BB,11-04-2023 10:50,11-04-2023 19:50,Tue
8626870,MUM,14-11-2022 13:36,15-11-2022 01:36,Mon
8489200,MUM,21-09-2022 11:05,21-09-2022 22:05,Wed
8596369,MUM,27-09-2022 10:47,27-09-2022 19:47,Tue
8463550,BB,19-12-2022 14:14,20-12-2022 00:14,Mon
8684336,MGP,12-08-2022 10:02,12-08-2022 16:02,Fri
8524174,BB,31-10-2022 07:18,31-10-2022 19:18,Mon
8715109,MUM,23-12-2022 22:19,24-12-2022 06:19,Fri
8562934,MUM,13-09-2022 10:55,13-09-2022 16:55,Tue
8641585,BB,29-05-2023 14:48,29-05-2023 22:48,Mon
8524874,BB,30-05-2023 20:48,31-05-2023 08:48,Tue
8573208,MUM,18-01-2023 00:52,18-01-2023 11:52,Wed
8562012,MUM,07-10-2022 13:09,07-10-2022 22:09,Fri
8607939,MGP,13-12-2022 22:27,14-12-2022 10:27,Tue
8461219,MGP,15-02-2023 03:53,15-02-2023 10:53,Wed
8585578,MGP,15-08-2022 19:21,16-08-2022 07:21,Mon
8701906,MGP,21-12-2022 20:08,22-12-2022 02:08,Wed
8506233,MGP,06-04-2023 13:40,06-04-2023 23:40,Thu
8485058,MGP,10-05-2023 08:08,10-05-2023 18:08,Wed
8664725,MUM,11-01-2023 11:04,11-01-2023 19:04,Wed
8546723,MUM,28-03-2023 19:27,29-03-2023 07:27,Tue
8565293,BB,11-07-2022 21:38,12-07-2022 04:38,Mon
8627415,MGP,09-05-2023 00:28,09-05-2023 11:28,Tue
8550328,MUM,20-09-2022 09:05,20-09-2022 21:05,Tue
8653637,MGP,18-11-2022 17:47,19-11-2022 04:47,Fri
8681133,MUM,15-07-2022 13:08,15-07-2022 21:08,Fri
8584094,BB,16-08-2022 23:27,17-08-2022 09:27,Tue
8556426,MGP,10-05-2023 03:13,10-05-2023 15:13,Wed
8490318,BB,05-06-2023 22:27,06-06-2023 07:27,Mon
8633658,MUM,27-04-2023 14:58,27-04-2023 20:58,Thu
8589982,BB,07-12-2022 14:48,07-12-2022 22:48,Wed
8496741,MUM,02-08-2022 15:14,03-08-2022 00:14,Tue
8450179,MGP,11-11-2022 21:02,12-11-2022 09:02,Fri
8672959,MUM,13-07-2022 07:46,13-07-2022 15:46,Wed
8594428,MUM,05-09-2022 08:00,05-09-2022 17:00,Mon
8691337,MGP,05-06-2023 09:14,05-06-2023 21:14,Mon
8499803,MGP,26-10-2022 14:31,26-10-2022 20:31,Wed
8461756,MUM,19-10-2022 21:47,20-10-2022 05:47,Wed
8579152,MUM,30-01-2023 15:38,31-01-2023 02:38,Mon
8581091,BB,18-04-2023 21:18,19-04-2023 06:18,Tue
8484798,MGP,24-10-2022 20:43,25-10-2022 03:43,Mon
8501255,MGP,27-03-2023 18:50,28-03-2023 04:50,Mon
8531840,MUM,13-10-2022 05:46,13-10-2022 11:46,Thu
8528265,BB,07-10-2022 14:22,07-10-2022 23:22,Fri
8685760,BB,26-06-2023 17:54,26-06-2023 23:54,Mon
8711924,BB,30-03-2023 04:10,30-03-2023 15:10,Thu
8546999,MUM,06-02-2023 15:29,06-02-2023 21:29,Mon
8524345,MGP,17-05-2023 12:46,17-05-2023 23:46,Wed
8515599,BB,02-09-2022 11:40,02-09-2022 17:40,Fri
8507186,MUM,02-03-2023 11:36,02-03-2023 18:36,Thu
8549120,BB,20-02-2023 18:25,21-02-2023 02:25,Mon
8542987,MGP,11-05-2023 17:21,12-05-2023 02:21,Thu
8549667,BB,06-01-2023 03:28,06-01-2023 13:28,Fri
8497101,MUM,27-06-2023 02:15,27-06-2023 11:15,Tue
8564125,BB,18-01-2023 03:56,18-01-2023 10:56,Wed
8540578,MGP,04-04-2023 22:52,05-04-2023 07:52,Tue
8655241,MUM,22-11-2022 10:30,22-11-2022 18:30,Tue
8735579,MUM,15-02-2023 01:47,15-02-2023 09:47,Wed
8673232,BB,06-06-2023 18:09,07-06-2023 05:09,Tue
8448942,MGP,25-10-2022 05:34,25-10-2022 16:34,Tue
8664623,BB,25-07-2022 13:55,25-07-2022 21:55,Mon
8488586,MGP,25-11-2022 20:39,26-11-2022 06:39,Fri
8705238,MGP,21-07-2022 06:12,21-07-2022 17:12,Thu
8518065,BB,06-09-2022 17:50,07-09-2022 05:50,Tue
8486837,MGP,16-02-2023 10:03,16-02-2023 21:03,Thu
8558456,MUM,11-05-2023 21:02,12-05-2023 05:02,Thu
8585204,MUM,29-08-2022 11:41,29-08-2022 22:41,Mon
8584384,MUM,28-03-2023 23:23,29-03-2023 08:23,Tue
8622462,MGP,09-11-2022 04:29,09-11-2022 11:29,Wed
8580467,MUM,13-03-2023 05:06,13-03-2023 14:06,Mon
8530397,MUM,13-01-2023 06:19,13-01-2023 15:19,Fri
8534612,MUM,13-01-2023 15:49,14-01-2023 00:49,Fri
8598981,BB,01-05-2023 09:54,01-05-2023 19:54,Mon
8648261,MUM,03-08-2022 00:54,03-08-2022 07:54,Wed
8569871,MGP,20-09-2022 00:25,20-09-2022 06:25,Tue
8595533,BB,07-09-2022 16:07,08-09-2022 03:07,Wed
8676406,MGP,15-07-2022 04:51,15-07-2022 16:51,Fri
8557891,MUM,21-10-2022 16:42,21-10-2022 23:42,Fri
8643371,BB,21-04-2023 06:55,21-04-2023 15:55,Fri
8497385,MGP,31-05-2023 17:48,01-06-2023 02:48,Wed
8486810,MGP,30-11-2022 15:14,01-12-2022 00:14,Wed
8552903,MUM,12-04-2023 15:58,13-04-2023 02:58,Wed
8653613,MGP,22-06-2023 11:12,22-06-2023 21:12,Thu
8704063,MGP,08-11-2022 15:00,08-11-2022 23:00,Tue
8468002,MGP,09-02-2023 16:20,10-02-2023 00:20,Thu
8606326,MGP,27-09-2022 20:09,28-09-2022 04:09,Tue
8696487,BB,25-10-2022 19:43,26-10-2022 03:43,Tue
8448446,BB,25-07-2022 09:10,25-07-2022 21:10,Mon
8488216,MGP,01-02-2023 10:36,01-02-2023 16:36,Wed
8459942,MUM,02-08-2022 01:14,02-08-2022 08:14,Tue
8513661,BB,25-04-2023 19:43,26-04-2023 04:43,Tue
8447581,BB,30-11-2022 14:16,01-12-2022 01:16,Wed
8474554,MGP,17-10-2022 20:53,18-10-2022 06:53,Mon
8728971,MUM,17-03-2023 09:19,17-03-2023 21:19,Fri
8690642,MGP,17-01-2023 03:47,17-01-2023 13:47,Tue
8689780,BB,23-06-2023 06:49,23-06-2023 16:49,Fri
8682492,MUM,06-06-2023 12:09,06-06-2023 19:09,Tue
8587925,MGP,22-11-2022 11:53,22-11-2022 21:53,Tue
8482434,MUM,28-11-2022 23:36,29-11-2022 09:36,Mon
8577523,BB,12-01-2023 23:24,13-01-2023 06:24,Thu
8664159,MUM,08-02-2023 06:29,08-02-2023 12:29,Wed
8445163,MUM,09-08-2022 06:11,09-08-2022 16:11,Tue
8507493,BB,24-10-2022 20:59,25-10-2022 08:59,Mon
8635756,MGP,09-12-2022 17:57,10-12-2022 03:57,Fri
8547993,BB,27-01-2023 09:31,27-01-2023 20:31,Fri
8513500,BB,23-05-2023 09:51,23-05-2023 19:51,Tue
8640394,BB,08-06-2023 08:41,08-06-2023 15:41,Thu
8474282,BB,20-04-2023 16:12,20-04-2023 22:12,Thu
8714572,MGP,29-09-2022 19:13,30-09-2022 01:13,Thu
8581843,BB,28-12-2022 00:50,28-12-2022 10:50,Wed
8647680,MGP,12-12-2022 12:56,13-12-2022 00:56,Mon
8639212,MUM,11-04-2023 03:16,11-04-2023 15:16,Tue
8536212,MUM,20-03-2023 03:18,20-03-2023 14:18,Mon
8688142,MGP,08-12-2022 22:09,09-12-2022 06:09,Thu
8599659,MGP,08-12-2022 05:21,08-12-2022 11:21,Thu
8627290,MGP,08-03-2023 18:33,09-03-2023 03:33,Wed
8510237,MGP,27-07-2022 13:44,28-07-2022 01:44,Wed
8462152,MUM,27-09-2022 06:15,27-09-2022 17:15,Tue
8539395,MGP,28-12-2022 17:34,29-12-2022 03:34,Wed
8557605,BB,26-01-2023 08:31,26-01-2023 19:31,Thu
8489463,MGP,08-06-2023 10:34,08-06-2023 16:34,Thu
8685956,MUM,16-11-2022 16:53,16-11-2022 23:53,Wed
8705481,BB,31-05-2023 06:18,31-05-2023 16:18,Wed
8709381,MGP,25-11-2022 03:51,25-11-2022 14:51,Fri
8737492,MUM,13-02-2023 06:48,13-02-2023 18:48,Mon
8571936,BB,15-06-2023 22:52,16-06-2023 04:52,Thu
8603049,MUM,01-06-2023 06:33,01-06-2023 18:33,Thu
8675804,BB,14-06-2023 01:16,14-06-2023 09:16,Wed
8527167,MUM,08-03-2023 15:22,09-03-2023 03:22,Wed
8600167,BB,25-01-2023 11:14,25-01-2023 19:14,Wed
8479299,BB,03-07-2023 00:44,03-07-2023 12:44,Mon
8715131,MGP,23-11-2022 09:50,23-11-2022 18:50,Wed
8481873,BB,13-09-2022 07:53,13-09-2022 17:53,Tue
8700239,MGP,13-01-2023 08:22,13-01-2023 18:22,Fri
8625092,MUM,10-08-2022 11:05,10-08-2022 18:05,Wed
8527222,MUM,19-12-2022 13:39,19-12-2022 23:39,Mon
8633813,MGP,24-04-2023 17:32,25-04-2023 02:32,Mon
8547276,BB,20-02-2023 07:19,20-02-2023 18:19,Mon
8477006,MUM,11-05-2023 01:08,11-05-2023 07:08,Thu
8620776,MUM,20-03-2023 01:42,20-03-2023 08:42,Mon
8614979,MGP,20-07-2022 13:29,20-07-2022 20:29,Wed
8727724,MGP,14-10-2022 07:14,14-10-2022 19:14,Fri
8538955,MUM,04-05-2023 22:28,05-05-2023 06:28,Thu
8569941,BB,17-04-2023 00:57,17-04-2023 10:57,Mon
8574859,MGP,08-09-2022 00:45,08-09-2022 09:45,Thu
8558933,MUM,03-08-2022 09:30,03-08-2022 18:30,Wed
8566385,BB,21-12-2022 13:07,21-12-2022 20:07,Wed
8740099,MGP,14-02-2023 09:54,14-02-2023 15:54,Tue
8688624,MUM,10-08-2022 01:36,10-08-2022 12:36,Wed
8625849,MUM,15-03-2023 21:10,16-03-2023 03:10,Wed
8723282,MGP,10-08-2022 09:54,10-08-2022 15:54,Wed
8450394,MUM,10-03-2023 23:00,11-03-2023 08:00,Fri
8563404,BB,02-11-2022 03:38,02-11-2022 12:38,Wed
8561984,BB,17-02-2023 21:42,18-02-2023 08:42,Fri
8563517,MGP,18-05-2023 02:53,18-05-2023 12:53,Thu
8610909,BB,19-05-2023 09:07,19-05-2023 21:07,Fri
8497276,MUM,30-08-2022 04:20,30-08-2022 10:20,Tue
8519909,BB,29-06-2023 19:02,30-06-2023 03:02,Thu
8687147,MGP,23-01-2023 02:16,23-01-2023 10:16,Mon
8638630,MGP,27-01-2023 16:20,27-01-2023 16:20,Fri
8470124,MUM,25-05-2023 21:11,25-05-2023 21:11,Thu
8741513,MUM,04-10-2022 15:23,05-10-2022 01:23,Tue
8656162,MGP,28-03-2023 02:38,28-03-2023 14:38,Tue
8708005,BB,20-06-2023 06:28,20-06-2023 12:28,Tue
8508606,MGP,16-05-2023 11:42,16-05-2023 17:42,Tue
8604528,MGP,12-07-2022 12:39,13-07-2022 00:39,Tue
8716001,BB,28-02-2023 19:28,01-03-2023 02:28,Tue
8591955,BB,30-05-2023 06:07,30-05-2023 16:07,Tue
8542306,MUM,24-01-2023 03:09,24-01-2023 10:09,Tue
8455475,MGP,14-02-2023 12:36,14-02-2023 19:36,Tue
8513855,BB,04-04-2023 21:51,05-04-2023 04:51,Tue
8653511,MUM,22-11-2022 12:06,22-11-2022 19:06,Tue
8532075,MGP,13-12-2022 07:45,13-12-2022 15:45,Tue
8604752,MGP,13-09-2022 23:39,14-09-2022 11:39,Tue
8734291,MUM,28-03-2023 12:55,29-03-2023 00:55,Tue
8558888,MUM,02-08-2022 18:16,03-08-2022 01:16,Tue
8720856,MGP,27-06-2023 13:41,28-06-2023 00:41,Tue
8624610,MUM,14-03-2023 17:35,14-03-2023 23:35,Tue
8472011,MUM,27-12-2022 10:21,27-12-2022 22:21,Tue
8498479,MUM,07-02-2023 04:29,07-02-2023 15:29,Tue
8463761,MGP,14-03-2023 12:02,14-03-2023 19:02,Tue
8658198,MUM,14-03-2023 18:55,15-03-2023 02:55,Tue
8476898,BB,30-08-2022 05:35,30-08-2022 15:35,Tue
8537636,MGP,26-07-2022 17:47,27-07-2022 00:47,Tue
8445596,BB,16-08-2022 10:50,16-08-2022 19:50,Tue
8603574,BB,14-03-2023 08:17,14-03-2023 16:17,Tue
8460548,MUM,28-02-2023 12:58,28-02-2023 22:58,Tue
8633458,MGP,14-02-2023 22:38,15-02-2023 09:38,Tue
8731718,MUM,04-04-2023 00:21,04-04-2023 09:21,Tue
8558120,MGP,06-09-2022 11:25,06-09-2022 23:25,Tue
8674900,MGP,28-02-2023 04:37,28-02-2023 14:37,Tue
8518827,BB,20-06-2023 05:38,20-06-2023 13:38,Tue
8716223,MUM,18-10-2022 12:35,18-10-2022 22:35,Tue
8508180,MGP,11-10-2022 13:39,11-10-2022 20:39,Tue
8522470,MGP,02-05-2023 05:57,02-05-2023 13:57,Tue
8731839,MGP,12-07-2022 07:56,12-07-2022 15:56,Tue
8692639,MGP,02-05-2023 05:33,02-05-2023 16:33,Tue
8666148,BB,13-06-2023 02:11,13-06-2023 14:11,Tue
8470193,MGP,14-02-2023 14:43,14-02-2023 21:43,Tue
8645140,MGP,28-02-2023 16:38,01-03-2023 01:38,Tue
8488839,BB,04-04-2023 22:12,05-04-2023 04:12,Tue
8703121,BB,14-02-2023 12:28,14-02-2023 22:28,Tue
8652545,MGP,07-03-2023 21:51,08-03-2023 05:51,Tue
8550593,MUM,29-11-2022 23:38,30-11-2022 11:38,Tue
8470655,MGP,13-06-2023 14:23,13-06-2023 21:23,Tue
8623892,MGP,20-06-2023 15:09,20-06-2023 22:09,Tue
8470362,MUM,02-08-2022 19:49,03-08-2022 04:49,Tue
8645264,MUM,11-10-2022 16:18,12-10-2022 02:18,Tue
8601985,MUM,20-12-2022 02:50,20-12-2022 11:50,Tue
8638882,MGP,01-11-2022 07:03,01-11-2022 19:03,Tue
8485753,MGP,06-06-2023 23:24,07-06-2023 11:24,Tue
8570827,BB,07-02-2023 14:51,07-02-2023 21:51,Tue
8652613,BB,06-12-2022 05:11,06-12-2022 13:11,Tue
8675698,BB,13-06-2023 16:21,14-06-2023 00:21,Tue
8744410,MGP,31-01-2023 15:25,01-02-2023 00:25,Tue
8504406,MGP,17-01-2023 19:23,18-01-2023 07:23,Tue
8578287,BB,28-03-2023 10:59,28-03-2023 21:59,Tue
8508386,BB,06-09-2022 11:51,06-09-2022 17:51,Tue
8639337,MGP,28-03-2023 18:53,29-03-2023 05:53,Tue
8694284,MGP,20-09-2022 18:49,21-09-2022 03:49,Tue
8717977,MUM,04-07-2023 14:00,04-07-2023 20:00,Tue
8702025,MUM,21-03-2023 05:10,21-03-2023 15:10,Tue
8447187,MUM,30-08-2022 10:31,30-08-2022 21:31,Tue
8514465,BB,18-10-2022 13:37,18-10-2022 21:37,Tue
8489081,BB,23-05-2023 17:35,24-05-2023 05:35,Tue
8536785,MGP,13-12-2022 17:59,13-12-2022 23:59,Tue
8736515,MGP,07-02-2023 06:56,07-02-2023 14:56,Tue
8687115,MUM,06-06-2023 03:47,06-06-2023 14:47,Tue
8614454,MUM,04-07-2023 01:50,04-07-2023 13:50,Tue
8656670,MGP,23-08-2022 12:57,23-08-2022 23:57,Tue
8452721,MUM,13-06-2023 20:07,14-06-2023 03:07,Tue
8489835,MUM,09-05-2023 10:11,09-05-2023 20:11,Tue
8504179,MGP,11-04-2023 11:54,11-04-2023 18:54,Tue
8686453,BB,07-02-2023 04:52,07-02-2023 10:52,Tue
8563335,MGP,01-11-2022 07:10,01-11-2022 13:10,Tue
8557891,MGP,15-11-2022 14:24,16-11-2022 00:24,Tue
8578251,MGP,14-02-2023 06:49,14-02-2023 14:49,Tue
8716515,MUM,13-09-2022 16:44,14-09-2022 01:44,Tue
8524529,MUM,14-03-2023 06:54,14-03-2023 15:54,Tue
8644085,BB,06-06-2023 13:01,06-06-2023 23:01,Tue
8602135,MUM,15-11-2022 22:19,16-11-2022 08:19,Tue
8733613,BB,30-08-2022 09:47,30-08-2022 21:47,Tue
8669257,MGP,27-09-2022 10:41,27-09-2022 19:41,Tue
8738855,MGP,13-09-2022 20:47,14-09-2022 06:47,Tue
8686763,BB,11-04-2023 17:18,12-04-2023 02:18,Tue
8509668,BB,20-06-2023 13:26,20-06-2023 21:26,Tue
8685914,MGP,02-08-2022 00:33,02-08-2022 11:33,Tue
8678794,MUM,07-02-2023 16:23,08-02-2023 02:23,Tue
8510497,MUM,23-08-2022 17:32,24-08-2022 02:32,Tue
8483824,MGP,08-11-2022 00:51,08-11-2022 07:51,Tue
8492420,MGP,30-05-2023 13:34,30-05-2023 22:34,Tue
8610888,MGP,29-11-2022 12:01,29-11-2022 18:01,Tue
8534768,MGP,20-12-2022 20:48,21-12-2022 07:48,Tue
8477629,BB,17-01-2023 03:31,17-01-2023 10:31,Tue
8508235,MUM,15-11-2022 05:04,15-11-2022 17:04,Tue
8493529,MGP,26-07-2022 10:58,26-07-2022 17:58,Tue
8529082,BB,23-08-2022 04:51,23-08-2022 13:51,Tue
8741399,MUM,09-08-2022 00:47,09-08-2022 07:47,Tue
8699926,BB,30-08-2022 17:51,31-08-2022 04:51,Tue
8497315,MGP,27-06-2023 13:01,28-06-2023 01:01,Tue
8485328,MUM,28-03-2023 11:00,28-03-2023 19:00,Tue
8530381,BB,11-10-2022 00:10,11-10-2022 06:10,Tue
8675494,BB,12-07-2022 15:37,12-07-2022 21:37,Tue
8519446,MUM,11-10-2022 09:56,11-10-2022 20:56,Tue
8644537,MGP,11-04-2023 10:50,11-04-2023 19:50,Tue
8563834,MGP,27-09-2022 10:47,27-09-2022 19:47,Tue
8512103,MGP,13-09-2022 10:55,13-09-2022 16:55,Tue
8533039,MUM,30-05-2023 20:48,31-05-2023 08:48,Tue
8689273,MGP,13-12-2022 22:27,14-12-2022 10:27,Tue
8499869,BB,28-03-2023 19:27,29-03-2023 07:27,Tue
8625437,MGP,09-05-2023 00:28,09-05-2023 11:28,Tue
8743284,MGP,20-09-2022 09:05,20-09-2022 21:05,Tue
8688534,MUM,16-08-2022 23:27,17-08-2022 09:27,Tue
8499699,MUM,02-08-2022 15:14,03-08-2022 00:14,Tue
8618514,BB,18-04-2023 21:18,19-04-2023 06:18,Tue
8508483,MUM,27-06-2023 02:15,27-06-2023 11:15,Tue
8536649,BB,04-04-2023 22:52,05-04-2023 07:52,Tue
8623994,MUM,22-11-2022 10:30,22-11-2022 18:30,Tue
8561004,MGP,06-06-2023 18:09,07-06-2023 05:09,Tue
8742130,MGP,25-10-2022 05:34,25-10-2022 16:34,Tue
8538169,MUM,06-09-2022 17:50,07-09-2022 05:50,Tue
8551737,MUM,28-03-2023 23:23,29-03-2023 08:23,Tue
8719421,MGP,20-09-2022 00:25,20-09-2022 06:25,Tue
8470571,MUM,08-11-2022 15:00,08-11-2022 23:00,Tue
8578244,MGP,27-09-2022 20:09,28-09-2022 04:09,Tue
8627066,MGP,25-10-2022 19:43,26-10-2022 03:43,Tue
8509597,BB,02-08-2022 01:14,02-08-2022 08:14,Tue
8557729,MGP,08-06-2023 21:17,09-06-2023 07:17,Thu
8468196,BB,12-01-2023 12:57,12-01-2023 18:57,Thu
8582207,MUM,13-10-2022 02:19,13-10-2022 09:19,Thu
8595725,MUM,29-06-2023 21:21,30-06-2023 09:21,Thu
8494403,MGP,20-04-2023 04:58,20-04-2023 10:58,Thu
8640343,MGP,12-01-2023 03:01,12-01-2023 13:01,Thu
8472823,MGP,08-09-2022 04:08,08-09-2022 10:08,Thu
8581061,MGP,15-06-2023 16:11,16-06-2023 02:11,Thu
8507937,BB,22-09-2022 20:33,23-09-2022 05:33,Thu
8715883,BB,02-02-2023 11:52,02-02-2023 18:52,Thu
8493113,MGP,06-10-2022 14:28,06-10-2022 20:28,Thu
8652230,BB,20-04-2023 01:22,20-04-2023 09:22,Thu
8668707,BB,30-03-2023 16:35,31-03-2023 03:35,Thu
8522686,MUM,15-09-2022 02:39,15-09-2022 13:39,Thu
8605665,MGP,01-12-2022 18:22,02-12-2022 00:22,Thu
8635096,BB,16-03-2023 00:36,16-03-2023 07:36,Thu
8646079,BB,06-10-2022 12:17,06-10-2022 22:17,Thu
8445436,MGP,08-12-2022 16:00,09-12-2022 00:00,Thu
8732923,MGP,18-05-2023 15:43,19-05-2023 02:43,Thu
8480742,MGP,05-01-2023 07:06,05-01-2023 19:06,Thu
8679393,BB,08-09-2022 02:39,08-09-2022 14:39,Thu
8624745,MUM,06-10-2022 11:15,06-10-2022 19:15,Thu
8694385,MUM,28-07-2022 11:01,28-07-2022 21:01,Thu
8552175,MGP,06-10-2022 10:33,06-10-2022 19:33,Thu
8508452,MGP,24-11-2022 15:55,25-11-2022 02:55,Thu
8668015,MUM,29-06-2023 21:52,30-06-2023 09:52,Thu
8533217,MGP,14-07-2022 10:35,14-07-2022 19:35,Thu
8488024,BB,11-05-2023 03:26,11-05-2023 12:26,Thu
8530536,BB,22-09-2022 17:54,23-09-2022 03:54,Thu
8639587,MUM,21-07-2022 18:18,22-07-2022 01:18,Thu
8657580,MUM,27-10-2022 17:39,28-10-2022 00:39,Thu
8457356,MUM,13-10-2022 13:55,13-10-2022 21:55,Thu
8698871,BB,15-12-2022 18:33,16-12-2022 01:33,Thu
8578099,MUM,29-12-2022 05:33,29-12-2022 14:33,Thu
8455380,MUM,19-01-2023 04:31,19-01-2023 11:31,Thu
8498392,BB,23-02-2023 10:59,23-02-2023 21:59,Thu
8569332,BB,29-12-2022 04:45,29-12-2022 15:45,Thu
8554471,BB,14-07-2022 17:04,15-07-2022 00:04,Thu
8718290,BB,22-09-2022 01:50,22-09-2022 09:50,Thu
8724491,MGP,22-09-2022 16:11,23-09-2022 02:11,Thu
8639312,BB,22-12-2022 21:36,23-12-2022 07:36,Thu
8555738,BB,29-09-2022 10:57,29-09-2022 21:57,Thu
8676976,MGP,18-05-2023 20:23,19-05-2023 08:23,Thu
8688288,BB,11-08-2022 20:58,12-08-2022 02:58,Thu
8740304,MGP,18-08-2022 23:08,19-08-2022 08:08,Thu
8569664,BB,22-06-2023 20:39,23-06-2023 04:39,Thu
8472995,BB,23-02-2023 01:51,23-02-2023 07:51,Thu
8601194,MUM,06-07-2023 17:12,07-07-2023 00:12,Thu
8729453,MGP,01-12-2022 10:21,01-12-2022 18:21,Thu
8591750,MUM,28-07-2022 16:07,29-07-2022 01:07,Thu
8561350,MUM,29-09-2022 16:12,30-09-2022 02:12,Thu
8534483,BB,29-06-2023 07:42,29-06-2023 19:42,Thu
8543342,BB,20-04-2023 20:18,21-04-2023 02:18,Thu
8563609,MUM,15-12-2022 00:08,15-12-2022 12:08,Thu
8460824,MGP,08-09-2022 04:50,08-09-2022 12:50,Thu
8580558,BB,11-08-2022 02:26,11-08-2022 14:26,Thu
8597608,BB,23-03-2023 05:38,23-03-2023 16:38,Thu
8743328,MGP,17-11-2022 22:12,18-11-2022 08:12,Thu
8477076,MUM,06-07-2023 19:47,07-07-2023 01:47,Thu
8734607,MGP,06-07-2023 02:58,06-07-2023 09:58,Thu
8595728,MGP,03-11-2022 08:34,03-11-2022 19:34,Thu
8722010,BB,23-02-2023 11:08,23-02-2023 22:08,Thu
8591643,BB,06-04-2023 23:58,07-04-2023 06:58,Thu
8586177,MUM,11-08-2022 10:27,11-08-2022 20:27,Thu
8621421,BB,29-09-2022 07:36,29-09-2022 15:36,Thu
8676471,BB,26-01-2023 17:32,27-01-2023 01:32,Thu
8740402,MUM,11-08-2022 01:10,11-08-2022 10:10,Thu
8584485,MUM,25-05-2023 11:26,25-05-2023 17:26,Thu
8562774,MUM,16-03-2023 22:43,17-03-2023 07:43,Thu
8553039,MGP,05-01-2023 15:04,05-01-2023 21:04,Thu
8449835,MGP,08-06-2023 11:14,08-06-2023 21:14,Thu
8559012,MUM,18-05-2023 22:07,19-05-2023 10:07,Thu
8560874,MGP,27-10-2022 12:57,27-10-2022 20:57,Thu
8481043,BB,04-08-2022 06:35,04-08-2022 15:35,Thu
8663766,MUM,13-10-2022 00:28,13-10-2022 10:28,Thu
8569225,MUM,17-11-2022 09:31,17-11-2022 18:31,Thu
8653785,MGP,22-12-2022 22:39,23-12-2022 06:39,Thu
8713249,MUM,29-06-2023 12:46,30-06-2023 00:46,Thu
8739742,MGP,17-11-2022 15:00,18-11-2022 00:00,Thu
8493490,MUM,01-06-2023 10:57,01-06-2023 16:57,Thu
8464726,BB,23-03-2023 02:23,23-03-2023 10:23,Thu
8604474,BB,06-10-2022 16:06,07-10-2022 01:06,Thu
8616032,BB,08-06-2023 20:34,09-06-2023 05:34,Thu
8560549,MUM,02-03-2023 22:05,03-03-2023 04:05,Thu
8472547,BB,10-11-2022 05:27,10-11-2022 16:27,Thu
8730472,MGP,05-01-2023 16:56,06-01-2023 01:56,Thu
8505236,MGP,20-04-2023 08:05,20-04-2023 15:05,Thu
8723459,BB,12-01-2023 17:34,13-01-2023 00:34,Thu
8739908,MUM,23-03-2023 12:47,23-03-2023 19:47,Thu
8474853,BB,14-07-2022 11:53,14-07-2022 17:53,Thu
8655949,BB,29-12-2022 07:46,29-12-2022 18:46,Thu
8577016,BB,17-11-2022 05:22,17-11-2022 13:22,Thu
8703334,MGP,20-04-2023 12:58,20-04-2023 21:58,Thu
8680951,MUM,06-07-2023 03:18,06-07-2023 11:18,Thu
8581345,MUM,10-11-2022 05:55,10-11-2022 12:55,Thu
8462855,BB,01-12-2022 11:18,01-12-2022 21:18,Thu
8563794,MUM,15-06-2023 11:29,15-06-2023 20:29,Thu
8550825,MUM,20-10-2022 01:46,20-10-2022 12:46,Thu
8468443,MUM,25-05-2023 14:04,26-05-2023 00:04,Thu
8522625,MGP,15-09-2022 20:56,16-09-2022 04:56,Thu
8624203,MGP,23-03-2023 10:02,23-03-2023 16:02,Thu
8703296,MUM,06-10-2022 12:29,06-10-2022 19:29,Thu
8686990,BB,08-09-2022 19:02,09-09-2022 02:02,Thu
8482036,MGP,23-02-2023 13:08,23-02-2023 23:08,Thu
8599276,MUM,03-11-2022 22:47,04-11-2022 07:47,Thu
8669383,MUM,04-05-2023 21:38,05-05-2023 03:38,Thu
8460314,BB,27-04-2023 00:30,27-04-2023 08:30,Thu
8558757,MGP,02-03-2023 22:39,03-03-2023 05:39,Thu
8543177,MUM,29-12-2022 15:47,30-12-2022 03:47,Thu
8603815,MGP,28-07-2022 18:34,29-07-2022 02:34,Thu
8652129,MUM,06-04-2023 13:40,06-04-2023 23:40,Thu
8685154,BB,27-04-2023 14:58,27-04-2023 20:58,Thu
8567194,BB,13-10-2022 05:46,13-10-2022 11:46,Thu
8520692,MUM,30-03-2023 04:10,30-03-2023 15:10,Thu
8500647,BB,02-03-2023 11:36,02-03-2023 18:36,Thu
8456783,BB,11-05-2023 17:21,12-05-2023 02:21,Thu
8714244,MGP,21-07-2022 06:12,21-07-2022 17:12,Thu
8657739,BB,16-02-2023 10:03,16-02-2023 21:03,Thu
8456993,BB,11-05-2023 21:02,12-05-2023 05:02,Thu
8699702,MUM,22-06-2023 11:12,22-06-2023 21:12,Thu
8711798,MGP,09-02-2023 16:20,10-02-2023 00:20,Thu
8692259,MUM,12-01-2023 23:24,13-01-2023 06:24,Thu
8644239,BB,08-06-2023 08:41,08-06-2023 15:41,Thu
8469510,BB,20-04-2023 16:12,20-04-2023 22:12,Thu
8668389,MGP,29-09-2022 19:13,30-09-2022 01:13,Thu
8612974,BB,08-12-2022 22:09,09-12-2022 06:09,Thu
8710769,MUM,08-12-2022 05:21,08-12-2022 11:21,Thu
8662023,MUM,26-01-2023 08:31,26-01-2023 19:31,Thu
8540980,BB,08-06-2023 10:34,08-06-2023 16:34,Thu
8487497,BB,15-06-2023 22:52,16-06-2023 04:52,Thu
8716615,BB,01-06-2023 06:33,01-06-2023 18:33,Thu
8540297,MGP,11-05-2023 01:08,11-05-2023 07:08,Thu
8590219,BB,04-05-2023 22:28,05-05-2023 06:28,Thu
8504020,BB,08-09-2022 00:45,08-09-2022 09:45,Thu
8546757,MGP,18-05-2023 02:53,18-05-2023 12:53,Thu
8500496,MUM,29-06-2023 19:02,30-06-2023 03:02,Thu
8465692,MGP,25-05-2023 21:11,25-05-2023 21:11,Thu
8631177,MUM,08-06-2023 22:17,09-06-2023 08:17,Thu
8641298,BB,20-06-2023 07:28,20-06-2023 13:28,Tue
8488754,MGP,16-05-2023 12:42,16-05-2023 18:42,Tue
8464964,MUM,30-05-2023 07:07,30-05-2023 17:07,Tue
8469833,MUM,29-06-2023 22:21,30-06-2023 10:21,Thu
8478977,BB,20-04-2023 05:58,20-04-2023 11:58,Thu
8661408,BB,04-04-2023 22:51,05-04-2023 05:51,Tue
8476295,MUM,27-06-2023 14:41,28-06-2023 01:41,Tue
8689609,MGP,06-06-2023 04:47,06-06-2023 15:47,Tue
8592888,BB,15-06-2023 17:11,16-06-2023 03:11,Thu
8533085,MUM,11-04-2023 12:54,11-04-2023 19:54,Tue
8592309,MGP,06-06-2023 14:01,07-06-2023 00:01,Tue
8464934,BB,11-04-2023 18:18,12-04-2023 03:18,Tue
8452475,MUM,20-04-2023 02:22,20-04-2023 10:22,Thu
8571916,MGP,30-05-2023 21:48,31-05-2023 09:48,Tue
8622917,MGP,23-05-2023 10:51,23-05-2023 20:51,Tue
8451155,BB,04-04-2023 01:21,04-04-2023 10:21,Tue
8496663,BB,18-05-2023 16:43,19-05-2023 03:43,Thu
8695735,MUM,20-06-2023 06:38,20-06-2023 14:38,Tue
8594860,MUM,02-05-2023 06:57,02-05-2023 14:57,Tue
8707668,MUM,02-05-2023 06:33,02-05-2023 17:33,Tue
8724687,MUM,29-06-2023 22:52,30-06-2023 10:52,Thu
8473286,BB,13-06-2023 03:11,13-06-2023 15:11,Tue
8594841,MUM,11-05-2023 04:26,11-05-2023 13:26,Thu
8462635,BB,04-04-2023 23:12,05-04-2023 05:12,Tue
8704661,BB,13-06-2023 15:23,13-06-2023 22:23,Tue
8599519,BB,20-06-2023 16:09,20-06-2023 23:09,Tue
8580554,MGP,18-05-2023 21:23,19-05-2023 09:23,Thu
8574171,BB,07-06-2023 00:24,07-06-2023 12:24,Tue
8504291,MUM,13-06-2023 17:21,14-06-2023 01:21,Tue
8510048,BB,22-06-2023 21:39,23-06-2023 05:39,Thu
8649760,MUM,23-05-2023 18:35,24-05-2023 06:35,Tue
8461353,MUM,29-06-2023 08:42,29-06-2023 20:42,Thu
8540018,BB,20-04-2023 21:18,21-04-2023 03:18,Thu
8466412,MGP,06-06-2023 04:47,06-06-2023 15:47,Tue
8541490,MGP,13-06-2023 21:07,14-06-2023 04:07,Tue
8723519,MUM,09-05-2023 11:11,09-05-2023 21:11,Tue
8743915,BB,07-04-2023 00:58,07-04-2023 07:58,Thu
8544879,MUM,11-04-2023 12:54,11-04-2023 19:54,Tue
8585512,BB,25-05-2023 12:26,25-05-2023 18:26,Thu
8531706,BB,08-06-2023 12:14,08-06-2023 22:14,Thu
8540514,MUM,18-05-2023 23:07,19-05-2023 11:07,Thu
8710068,MUM,06-06-2023 14:01,07-06-2023 00:01,Tue
8565974,MGP,29-06-2023 13:46,30-06-2023 01:46,Thu
8615566,MGP,01-06-2023 11:57,01-06-2023 17:57,Thu
8731570,MGP,11-04-2023 18:18,12-04-2023 03:18,Tue
8723846,MUM,20-06-2023 14:26,20-06-2023 22:26,Tue
8696550,BB,08-06-2023 21:34,09-06-2023 06:34,Thu
8625086,MGP,30-05-2023 14:34,30-05-2023 23:34,Tue
8667044,MGP,20-04-2023 09:05,20-04-2023 16:05,Thu
8530958,BB,20-04-2023 13:58,20-04-2023 22:58,Thu
8715585,MGP,15-06-2023 12:29,15-06-2023 21:29,Thu
8551042,MUM,25-05-2023 15:04,26-05-2023 01:04,Thu
8641943,BB,27-06-2023 14:01,28-06-2023 02:01,Tue
8665760,MGP,04-05-2023 22:38,05-05-2023 04:38,Thu
8645254,MUM,27-04-2023 01:30,27-04-2023 09:30,Thu
8676543,BB,11-04-2023 11:50,11-04-2023 20:50,Tue
8524874,BB,30-05-2023 21:48,31-05-2023 09:48,Tue
8506233,MGP,06-04-2023 14:40,07-04-2023 00:40,Thu
8627415,MGP,09-05-2023 01:28,09-05-2023 12:28,Tue
8633658,MUM,27-04-2023 15:58,27-04-2023 21:58,Thu
8581091,BB,18-04-2023 22:18,19-04-2023 07:18,Tue
8542987,MGP,11-05-2023 18:21,12-05-2023 03:21,Thu
8497101,MUM,27-06-2023 03:15,27-06-2023 12:15,Tue
8540578,MGP,04-04-2023 23:52,05-04-2023 08:52,Tue
8673232,BB,06-06-2023 19:09,07-06-2023 06:09,Tue
8558456,MUM,11-05-2023 22:02,12-05-2023 06:02,Thu
8653613,MGP,22-06-2023 12:12,22-06-2023 22:12,Thu
8513661,BB,25-04-2023 20:43,26-04-2023 05:43,Tue
8682492,MUM,06-06-2023 13:09,06-06-2023 20:09,Tue
8513500,BB,23-05-2023 10:51,23-05-2023 20:51,Tue
8640394,BB,08-06-2023 09:41,08-06-2023 16:41,Thu
8474282,BB,20-04-2023 17:12,20-04-2023 23:12,Thu
8639212,MUM,11-04-2023 04:16,11-04-2023 16:16,Tue
8489463,MGP,08-06-2023 11:34,08-06-2023 17:34,Thu
8571936,BB,15-06-2023 23:52,16-06-2023 05:52,Thu
8603049,MUM,01-06-2023 07:33,01-06-2023 19:33,Thu
8477006,MUM,11-05-2023 02:08,11-05-2023 08:08,Thu
8538955,MUM,04-05-2023 23:28,05-05-2023 07:28,Thu
8563517,MGP,18-05-2023 03:53,18-05-2023 13:53,Thu
8519909,BB,29-06-2023 20:02,30-06-2023 04:02,Thu
8470124,MUM,25-05-2023 22:11,25-05-2023 22:11,Thu
8708005,BB,20-06-2023 07:28,20-06-2023 13:28,Tue
8508606,MGP,16-05-2023 12:42,16-05-2023 18:42,Tue
8591955,BB,30-05-2023 07:07,30-05-2023 17:07,Tue
8513855,BB,04-04-2023 22:51,05-04-2023 05:51,Tue
8720856,MGP,27-06-2023 14:41,28-06-2023 01:41,Tue
8731718,MUM,04-04-2023 01:21,04-04-2023 10:21,Tue
8518827,BB,20-06-2023 06:38,20-06-2023 14:38,Tue
8522470,MGP,02-05-2023 06:57,02-05-2023 14:57,Tue
8692639,MGP,02-05-2023 06:33,02-05-2023 17:33,Tue
8666148,BB,13-06-2023 03:11,13-06-2023 15:11,Tue
8488839,BB,04-04-2023 23:12,05-04-2023 05:12,Tue
8470655,MGP,13-06-2023 15:23,13-06-2023 22:23,Tue
8623892,MGP,20-06-2023 16:09,20-06-2023 23:09,Tue
8485753,MGP,07-06-2023 00:24,07-06-2023 12:24,Tue
8675698,BB,13-06-2023 17:21,14-06-2023 01:21,Tue
8489081,BB,23-05-2023 18:35,24-05-2023 06:35,Tue
8687115,MUM,06-06-2023 04:47,06-06-2023 15:47,Tue
8452721,MUM,13-06-2023 21:07,14-06-2023 04:07,Tue
8489835,MUM,09-05-2023 11:11,09-05-2023 21:11,Tue
8504179,MGP,11-04-2023 12:54,11-04-2023 19:54,Tue
8644085,BB,06-06-2023 14:01,07-06-2023 00:01,Tue
8686763,BB,11-04-2023 18:18,12-04-2023 03:18,Tue
8509668,BB,20-06-2023 14:26,20-06-2023 22:26,Tue
8492420,MGP,30-05-2023 14:34,30-05-2023 23:34,Tue
8497315,MGP,27-06-2023 14:01,28-06-2023 02:01,Tue
8644537,MGP,11-04-2023 11:50,11-04-2023 20:50,Tue
8533039,MUM,30-05-2023 21:48,31-05-2023 09:48,Tue
8625437,MGP,09-05-2023 01:28,09-05-2023 12:28,Tue
8618514,BB,18-04-2023 22:18,19-04-2023 07:18,Tue
8508483,MUM,27-06-2023 03:15,27-06-2023 12:15,Tue
8536649,BB,04-04-2023 23:52,05-04-2023 08:52,Tue
8561004,MGP,06-06-2023 19:09,07-06-2023 06:09,Tue
8557729,MGP,08-06-2023 22:17,09-06-2023 08:17,Thu
8595725,MUM,29-06-2023 22:21,30-06-2023 10:21,Thu
8494403,MGP,20-04-2023 05:58,20-04-2023 11:58,Thu
8581061,MGP,15-06-2023 17:11,16-06-2023 03:11,Thu
8652230,BB,20-04-2023 02:22,20-04-2023 10:22,Thu
8732923,MGP,18-05-2023 16:43,19-05-2023 03:43,Thu
8668015,MUM,29-06-2023 22:52,30-06-2023 10:52,Thu
8488024,BB,11-05-2023 04:26,11-05-2023 13:26,Thu
8676976,MGP,18-05-2023 21:23,19-05-2023 09:23,Thu
8569664,BB,22-06-2023 21:39,23-06-2023 05:39,Thu
8534483,BB,29-06-2023 08:42,29-06-2023 20:42,Thu
8543342,BB,20-04-2023 21:18,21-04-2023 03:18,Thu
8591643,BB,07-04-2023 00:58,07-04-2023 07:58,Thu
8584485,MUM,25-05-2023 12:26,25-05-2023 18:26,Thu
8449835,MGP,08-06-2023 12:14,08-06-2023 22:14,Thu
8559012,MUM,18-05-2023 23:07,19-05-2023 11:07,Thu
8713249,MUM,29-06-2023 13:46,30-06-2023 01:46,Thu
8493490,MUM,01-06-2023 11:57,01-06-2023 17:57,Thu
8616032,BB,08-06-2023 21:34,09-06-2023 06:34,Thu
8505236,MGP,20-04-2023 09:05,20-04-2023 16:05,Thu
8703334,MGP,20-04-2023 13:58,20-04-2023 22:58,Thu
8563794,MUM,15-06-2023 12:29,15-06-2023 21:29,Thu
8468443,MUM,25-05-2023 15:04,26-05-2023 01:04,Thu
8669383,MUM,04-05-2023 22:38,05-05-2023 04:38,Thu
8460314,BB,27-04-2023 01:30,27-04-2023 09:30,Thu
8652129,MUM,06-04-2023 14:40,07-04-2023 00:40,Thu
8685154,BB,27-04-2023 15:58,27-04-2023 21:58,Thu
8456783,BB,11-05-2023 18:21,12-05-2023 03:21,Thu
8456993,BB,11-05-2023 22:02,12-05-2023 06:02,Thu
8699702,MUM,22-06-2023 12:12,22-06-2023 22:12,Thu
8644239,BB,08-06-2023 09:41,08-06-2023 16:41,Thu
8469510,BB,20-04-2023 17:12,20-04-2023 23:12,Thu
8540980,BB,08-06-2023 11:34,08-06-2023 17:34,Thu
8487497,BB,15-06-2023 23:52,16-06-2023 05:52,Thu
8716615,BB,01-06-2023 07:33,01-06-2023 19:33,Thu
8540297,MGP,11-05-2023 02:08,11-05-2023 08:08,Thu
8590219,BB,04-05-2023 23:28,05-05-2023 07:28,Thu
8546757,MGP,18-05-2023 03:53,18-05-2023 13:53,Thu
8500496,MUM,29-06-2023 20:02,30-06-2023 04:02,Thu
8465692,MGP,25-05-2023 22:11,25-05-2023 22:11,Thu
